{"cameraMode":{"drawMode":0,"name":"Shaded","section":"Shading Mode"},"sceneLighting":true,"audioPlay":false,"sceneViewState":{"showFog":true,"showMaterialUpdate":false,"showSkybox":true,"showFlares":true,"showImageEffects":true,"showParticleSystems":true},"in2DMode":false,"pivot":{"x":-1.2958126068115235,"y":3.6922175884246828,"z":2.3689870834350588},"rotation":{"x":-0.07458849996328354,"y":-0.35201317071914675,"z":0.028165647760033609,"w":-0.9326426982879639},"size":23.0732364654541,"orthographic":false}