{"cameraMode":{"drawMode":0,"name":"Shaded","section":"Shading Mode"},"sceneLighting":false,"audioPlay":false,"sceneViewState":{"showFog":true,"showMaterialUpdate":false,"showSkybox":false,"showFlares":true,"showImageEffects":true,"showParticleSystems":true},"in2DMode":false,"pivot":{"x":0.10513854026794434,"y":0.2509157955646515,"z":0.11738425493240357},"rotation":{"x":-0.087038554251194,"y":0.06064538285136223,"z":-0.0054162186570465569,"w":-0.9944525957107544},"size":6.231630325317383,"orthographic":false}