{"cameraMode":{"drawMode":0,"name":"Shaded","section":"Shading Mode"},"sceneLighting":false,"audioPlay":false,"sceneViewState":{"showFog":true,"showMaterialUpdate":false,"showSkybox":false,"showFlares":true,"showImageEffects":true,"showParticleSystems":true},"in2DMode":false,"pivot":{"x":4.195695400238037,"y":6.306329727172852,"z":-32.07488250732422},"rotation":{"x":-0.13664568960666657,"y":-0.13241957128047944,"z":0.018446065485477449,"w":-0.9816821217536926},"size":2.1467995643615724,"orthographic":false}